transaction_id,account_id,amount,timestamp,is_anomaly
TX-0001,ACC-4964,35975.19,2026-04-09 08:13:00,0
TX-0002,ACC-4447,20129.05,2026-08-29 09:17:00,0
TX-0003,ACC-8926,23133.26,2026-05-25 01:53:00,0
TX-0004,ACC-1569,11229.04,2026-08-26 14:07:00,0
TX-0005,ACC-5006,40439.52,2026-09-13 22:40:00,0
TX-0006,ACC-8550,44864.67,2026-05-14 07:10:00,0
TX-0007,ACC-8110,25700.94,2026-05-06 04:43:00,0
TX-0008,ACC-9681,6150.26,2026-06-18 20:54:00,0
TX-0009,ACC-4080,4573.79,2026-04-21 10:41:00,0
TX-0010,ACC-6638,33562.6,2026-11-26 13:22:00,0
TX-0011,ACC-7179,3250.38,2026-08-03 00:35:00,0
TX-0012,ACC-5211,10086.69,2026-04-11 05:48:00,0
TX-0013,ACC-2407,25623.94,2026-01-04 17:57:00,0
TX-0014,ACC-8253,34108.8,2026-06-02 04:39:00,0
TX-0015,ACC-1977,21411.77,2026-07-08 08:57:00,0
TX-0016,ACC-6881,26177.83,2026-06-08 04:26:00,0
TX-0017,ACC-9691,4132.61,2026-01-06 05:17:00,0
TX-0018,ACC-2646,38534.29,2026-09-17 03:17:00,0
TX-0019,ACC-7208,8091.53,2026-09-20 08:19:00,0
TX-0020,ACC-5029,17349.1,2026-02-26 13:33:00,0
TX-0021,ACC-2297,5154.38,2026-06-13 05:25:00,0
TX-0022,ACC-3288,37412.17,2026-11-03 05:07:00,0
TX-0023,ACC-4602,39097.82,2026-02-24 03:51:00,0
TX-0024,ACC-9830,34782.62,2026-10-09 22:43:00,0
TX-0025,ACC-9165,21179.64,2026-08-11 19:00:00,0
TX-0026,ACC-7666,42497.63,2026-07-16 08:47:00,0
TX-0027,ACC-6405,3397.58,2026-11-19 21:22:00,0
TX-0028,ACC-8253,7662.66,2026-07-01 15:09:00,0
TX-0029,ACC-2459,44609.94,2026-01-17 18:30:00,0
TX-0030,ACC-3220,26798.69,2026-08-03 20:38:00,0
TX-0031,ACC-3839,173552.15,2026-04-23 23:51:00,1
TX-0032,ACC-7955,31584.33,2026-01-29 20:57:00,0
TX-0033,ACC-6907,21178.11,2026-08-19 04:22:00,0
TX-0034,ACC-8729,33776.04,2026-06-13 05:53:00,0
TX-0035,ACC-3257,43153.05,2026-06-10 02:06:00,0
TX-0036,ACC-8465,26149.79,2026-07-05 00:10:00,0
TX-0037,ACC-9427,42437.17,2026-12-04 16:37:00,0
TX-0038,ACC-7986,42365.53,2026-10-03 15:03:00,0
TX-0039,ACC-1320,10564.52,2026-06-25 20:56:00,0
TX-0040,ACC-5611,14402.38,2026-02-09 05:36:00,0
TX-0041,ACC-9641,21741.11,2026-10-19 14:26:00,0
TX-0042,ACC-2018,32344.2,2026-06-22 03:54:00,0
TX-0043,ACC-1089,36809.11,2026-09-15 20:09:00,0
TX-0044,ACC-9124,5939.07,2026-01-12 05:33:00,0
TX-0045,ACC-5673,42248.85,2026-06-18 01:48:00,0
TX-0046,ACC-5290,19367.44,2026-11-07 03:45:00,0
TX-0047,ACC-6023,43208.65,2026-06-09 18:55:00,0
TX-0048,ACC-3711,32637.9,2026-10-31 13:07:00,0
TX-0049,ACC-5185,23056.53,2026-07-04 22:37:00,0
TX-0050,ACC-7936,30357.74,2026-09-07 16:17:00,0
TX-0051,ACC-6209,43918.06,2026-08-26 18:40:00,0
TX-0052,ACC-2712,14750.92,2026-05-22 04:48:00,0
TX-0053,ACC-3733,21971.95,2026-03-06 15:10:00,0
TX-0054,ACC-4405,7110.11,2026-05-06 16:17:00,0
TX-0055,ACC-4390,11328.67,2026-10-03 21:10:00,0
TX-0056,ACC-8709,42835.1,2026-09-28 08:31:00,0
TX-0057,ACC-9093,18450.05,2026-01-08 10:59:00,0
TX-0058,ACC-1804,9632.59,2026-05-12 04:28:00,0
TX-0059,ACC-2054,24301.58,2026-01-22 01:03:00,0
TX-0060,ACC-6148,39601.04,2026-10-11 12:49:00,0
TX-0061,ACC-5496,43155.21,2026-04-01 08:53:00,0
TX-0062,ACC-4101,13734.15,2026-06-18 15:57:00,0
TX-0063,ACC-4215,16743.24,2026-01-16 18:43:00,0
TX-0064,ACC-2046,30428.73,2026-06-01 07:36:00,0
TX-0065,ACC-8852,31202.69,2026-01-15 00:39:00,0
TX-0066,ACC-4988,31381.99,2026-06-27 13:33:00,0
TX-0067,ACC-7223,20876.11,2026-07-01 00:34:00,0
TX-0068,ACC-1607,38041.02,2026-11-04 11:22:00,0
TX-0069,ACC-9843,13664.8,2026-01-23 22:51:00,0
TX-0070,ACC-5887,6707.24,2026-06-23 16:07:00,0
TX-0071,ACC-7835,9518.14,2026-07-21 07:35:00,0
TX-0072,ACC-8648,383.53,2026-12-10 08:50:00,1
TX-0073,ACC-9730,31926.38,2026-01-26 17:23:00,0
TX-0074,ACC-5138,9700.89,2026-06-04 07:13:00,0
TX-0075,ACC-1143,10922.91,2026-04-19 00:34:00,0
TX-0076,ACC-8966,18229.89,2026-09-06 19:05:00,0
TX-0077,ACC-4810,11561.48,2026-08-21 11:48:00,0
TX-0078,ACC-6300,37882.89,2026-07-04 13:55:00,0
TX-0079,ACC-7029,43326.89,2026-09-09 23:22:00,0
TX-0080,ACC-4493,21482.52,2026-04-13 23:36:00,0
TX-0081,ACC-7385,23509.13,2026-08-31 07:24:00,0
TX-0082,ACC-8135,40348.84,2026-11-09 22:39:00,0
TX-0083,ACC-6326,29642.32,2026-03-21 14:33:00,0
TX-0084,ACC-2448,30676.05,2026-04-09 23:02:00,0
TX-0085,ACC-8856,41249.79,2026-01-09 12:18:00,0
TX-0086,ACC-5627,35121.44,2026-06-08 03:29:00,0
TX-0087,ACC-2541,41982.18,2026-07-17 23:02:00,0
TX-0088,ACC-9580,10886.36,2026-10-23 19:09:00,0
TX-0089,ACC-6961,6689.26,2026-03-21 18:46:00,0
TX-0090,ACC-5973,13475.43,2026-09-27 18:48:00,0
TX-0091,ACC-5398,33845.92,2026-08-14 00:22:00,0
TX-0092,ACC-3334,6833.06,2026-08-24 13:44:00,0
TX-0093,ACC-5838,29908.64,2026-06-13 17:35:00,0
TX-0094,ACC-8772,29757.02,2026-01-08 06:20:00,0
TX-0095,ACC-4824,13295.37,2026-08-28 17:35:00,0
TX-0096,ACC-2992,24665.07,2026-01-24 21:40:00,0
TX-0097,ACC-2505,5267.84,2026-08-25 00:47:00,0
TX-0098,ACC-5840,22015.14,2026-03-21 11:19:00,0
TX-0099,ACC-2116,3771.56,2026-09-23 01:57:00,0
TX-0100,ACC-2299,35382.41,2026-04-02 02:29:00,0
TX-0101,ACC-1208,10411.12,2026-03-24 04:43:00,0
TX-0102,ACC-8515,41421.55,2026-01-24 11:53:00,0
TX-0103,ACC-6668,8492.13,2026-09-21 00:50:00,0
TX-0104,ACC-4978,41103.35,2026-08-30 08:53:00,0
TX-0105,ACC-5398,1462.35,2026-05-25 15:03:00,0
TX-0106,ACC-2373,3230.55,2026-04-11 14:03:00,0
TX-0107,ACC-2770,1869.95,2026-01-20 07:08:00,0
TX-0108,ACC-6084,37302.93,2026-08-29 18:40:00,0
TX-0109,ACC-5710,24547.49,2026-11-12 22:33:00,0
TX-0110,ACC-6821,43678.97,2026-01-02 16:51:00,0
TX-0111,ACC-7070,28874.62,2026-04-01 21:58:00,0
TX-0112,ACC-4092,31484.33,2026-08-25 21:22:00,0
TX-0113,ACC-1559,12662.78,2026-10-27 23:41:00,0
TX-0114,ACC-3817,27363.04,2026-09-11 23:02:00,0
TX-0115,ACC-9608,1422.57,2026-01-20 12:52:00,0
TX-0116,ACC-5975,24104.1,2026-08-26 02:18:00,0
TX-0117,ACC-3200,17170.35,2026-03-10 18:48:00,0
TX-0118,ACC-3681,25123.32,2026-11-19 08:09:00,0
TX-0119,ACC-8971,24468.28,2026-05-10 02:18:00,0
TX-0120,ACC-6259,29430.58,2026-07-02 00:02:00,0
TX-0121,ACC-6730,36389.77,2026-09-25 16:23:00,0
TX-0122,ACC-4868,13892.89,2026-04-08 14:44:00,0
TX-0123,ACC-8227,5311.89,2026-03-22 23:31:00,0
TX-0124,ACC-7678,2915.99,2026-02-16 08:34:00,0
TX-0125,ACC-3435,21592.96,2026-03-29 04:15:00,0
TX-0126,ACC-1824,3249.67,2026-03-10 13:24:00,0
TX-0127,ACC-6944,18657.68,2026-11-06 14:29:00,0
TX-0128,ACC-3248,18302.31,2026-06-15 01:50:00,0
TX-0129,ACC-6714,30321.41,2026-05-27 01:53:00,0
TX-0130,ACC-8782,37782.72,2026-03-31 11:16:00,0
TX-0131,ACC-2144,39658.7,2026-04-26 23:41:00,0
TX-0132,ACC-9426,40040.6,2026-06-24 01:32:00,0
TX-0133,ACC-6001,42362.18,2026-02-20 18:42:00,0
TX-0134,ACC-5032,30860.8,2026-03-23 14:04:00,0
TX-0135,ACC-4775,16263.05,2026-11-24 00:17:00,0
TX-0136,ACC-7221,7820.93,2026-07-18 21:06:00,0
TX-0137,ACC-5386,5846.59,2026-07-08 13:10:00,0
TX-0138,ACC-6084,39750.34,2026-07-10 05:10:00,0
TX-0139,ACC-7303,44952.7,2026-05-07 05:13:00,0
TX-0140,ACC-2057,16747.43,2026-11-25 12:58:00,0
TX-0141,ACC-4292,16281.13,2026-07-22 17:38:00,0
TX-0142,ACC-3995,27148.01,2026-04-22 08:14:00,0
TX-0143,ACC-4453,40984.6,2026-07-27 11:01:00,0
TX-0144,ACC-1310,28823.76,2026-06-29 03:12:00,0
TX-0145,ACC-4180,21407.29,2026-11-24 17:47:00,0
TX-0146,ACC-2862,28029.23,2026-01-03 17:25:00,0
TX-0147,ACC-8300,2423.33,2026-06-01 01:44:00,0
TX-0148,ACC-6602,30198.36,2026-06-11 15:51:00,0
TX-0149,ACC-3018,42611.57,2026-06-29 12:23:00,0
TX-0150,ACC-3139,14891.66,2026-05-01 19:19:00,0
TX-0151,ACC-4132,328124.85,2026-06-20 03:13:00,1
TX-0152,ACC-9714,10031.01,2026-09-04 12:16:00,0
TX-0153,ACC-4360,13703.3,2026-09-29 07:37:00,0
TX-0154,ACC-4719,12143.94,2026-03-02 04:32:00,0
TX-0155,ACC-7208,38624.52,2026-04-28 11:16:00,0
TX-0156,ACC-4115,30226.87,2026-06-01 23:02:00,0
TX-0157,ACC-8461,19576.88,2026-06-30 20:35:00,0
TX-0158,ACC-6434,35036.37,2026-05-04 20:44:00,0
TX-0159,ACC-1802,3896.84,2026-09-18 22:00:00,0
TX-0160,ACC-3558,442.17,2026-09-24 20:18:00,1
TX-0161,ACC-2532,5432.26,2026-03-30 00:53:00,0
TX-0162,ACC-1565,16651.12,2026-06-20 05:34:00,0
TX-0163,ACC-3720,301918.24,2026-11-16 19:14:00,1
TX-0164,ACC-2874,27311.4,2026-07-30 13:54:00,0
TX-0165,ACC-9202,10559.4,2026-05-30 05:31:00,0
TX-0166,ACC-4353,44703.37,2026-10-03 01:05:00,0
TX-0167,ACC-5069,32367.19,2026-08-15 00:52:00,0
TX-0168,ACC-8100,42732.44,2026-04-06 23:21:00,0
TX-0169,ACC-9676,44193.4,2026-10-17 21:34:00,0
TX-0170,ACC-5207,37363.15,2026-11-16 03:55:00,0
TX-0171,ACC-8215,12980.12,2026-11-13 09:51:00,0
TX-0172,ACC-7374,39021.61,2026-07-31 07:01:00,0
TX-0173,ACC-6840,24473.09,2026-11-18 07:29:00,0
TX-0174,ACC-1047,28188.62,2026-11-19 23:37:00,0
TX-0175,ACC-3103,29988.27,2026-08-10 21:08:00,0
TX-0176,ACC-6113,6089.06,2026-05-14 06:46:00,0
TX-0177,ACC-1718,17225.36,2026-09-25 00:08:00,0
TX-0178,ACC-3900,1748.84,2026-02-02 06:38:00,0
TX-0179,ACC-1028,7256.87,2026-05-25 00:19:00,0
TX-0180,ACC-4203,1742.93,2026-05-07 01:13:00,0
TX-0181,ACC-5563,40400.78,2026-01-19 08:28:00,0
TX-0182,ACC-5532,36290.58,2026-03-03 09:06:00,0
TX-0183,ACC-8792,21987.69,2026-11-11 01:30:00,0
TX-0184,ACC-1633,22901.33,2026-02-06 21:05:00,0
TX-0185,ACC-5989,33293.93,2026-04-02 07:00:00,0
TX-0186,ACC-7568,20828.68,2026-12-08 08:46:00,0
TX-0187,ACC-8472,44349.79,2026-11-20 10:52:00,0
TX-0188,ACC-6170,31779.02,2026-10-22 20:17:00,0
TX-0189,ACC-3221,32946.53,2026-05-31 11:41:00,0
TX-0190,ACC-7641,12687.98,2026-05-04 20:47:00,0
TX-0191,ACC-4457,6107.23,2026-10-20 19:39:00,0
TX-0192,ACC-6857,15057.72,2026-03-26 19:53:00,0
TX-0193,ACC-8656,28400.73,2026-03-02 09:02:00,0
TX-0194,ACC-2162,22721.48,2026-08-14 22:49:00,0
TX-0195,ACC-3844,33012.02,2026-07-06 07:05:00,0
TX-0196,ACC-4627,15201.51,2026-09-27 05:16:00,0
TX-0197,ACC-3057,30610.21,2026-11-27 13:46:00,0
TX-0198,ACC-2673,18740.74,2026-01-28 22:20:00,0
TX-0199,ACC-9163,36013.42,2026-02-10 16:03:00,0
TX-0200,ACC-9133,32832.83,2026-05-01 01:25:00,0
TX-0201,ACC-2962,43004.59,2026-11-24 15:26:00,0
TX-0202,ACC-5991,19597.4,2026-03-21 22:09:00,0
TX-0203,ACC-7814,42802.14,2026-02-22 14:24:00,0
TX-0204,ACC-7864,14467.92,2026-08-03 17:28:00,0
TX-0205,ACC-8639,15699.09,2026-03-01 15:51:00,0
TX-0206,ACC-2581,6450.84,2026-01-29 21:24:00,0
TX-0207,ACC-8452,27214.5,2026-04-25 18:25:00,0
TX-0208,ACC-9156,10503.35,2026-11-07 06:36:00,0
TX-0209,ACC-5070,7447.21,2026-09-01 23:56:00,0
TX-0210,ACC-1664,14879.91,2026-10-10 18:42:00,0
TX-0211,ACC-8832,14189.72,2026-08-21 03:23:00,0
TX-0212,ACC-1092,8088.66,2026-12-10 06:45:00,0
TX-0213,ACC-8852,43743.98,2026-11-18 11:00:00,0
TX-0214,ACC-9651,42016.98,2026-02-25 12:06:00,0
TX-0215,ACC-1252,442875.56,2026-07-28 09:50:00,1
TX-0216,ACC-7556,37270.14,2026-03-14 23:45:00,0
TX-0217,ACC-6896,5427.98,2026-08-24 10:12:00,0
TX-0218,ACC-6716,26208.45,2026-08-10 20:03:00,0
TX-0219,ACC-3109,31930.29,2026-05-27 01:17:00,0
TX-0220,ACC-4344,23524.82,2026-02-24 21:23:00,0
TX-0221,ACC-4058,36364.51,2026-09-15 04:31:00,0
TX-0222,ACC-6786,16467.31,2026-02-19 09:51:00,0
TX-0223,ACC-6989,38646.18,2026-04-03 00:27:00,0
TX-0224,ACC-3509,14836.8,2026-02-02 12:08:00,0
TX-0225,ACC-7367,31578.08,2026-07-03 14:07:00,0
TX-0226,ACC-5126,35443.35,2026-05-08 08:18:00,0
TX-0227,ACC-7719,24932.58,2026-12-02 05:54:00,0
TX-0228,ACC-6471,438.71,2026-01-25 23:34:00,1
TX-0229,ACC-9158,32731.9,2026-09-04 01:48:00,0
TX-0230,ACC-5146,20882.09,2026-01-27 07:10:00,0
TX-0231,ACC-5192,28900.59,2026-01-11 20:06:00,0
TX-0232,ACC-2793,44294.67,2026-05-23 14:49:00,0
TX-0233,ACC-2463,16859.91,2026-11-01 20:28:00,0
TX-0234,ACC-9131,19511.67,2026-11-05 23:53:00,0
TX-0235,ACC-2549,7326.19,2026-11-21 18:49:00,0
TX-0236,ACC-4929,30288.49,2026-06-25 18:20:00,0
TX-0237,ACC-2389,2596.89,2026-10-14 01:19:00,0
TX-0238,ACC-5140,10565.11,2026-07-28 00:41:00,0
TX-0239,ACC-9417,40467.89,2026-09-06 23:13:00,0
TX-0240,ACC-5793,33866.25,2026-12-02 13:05:00,0
TX-0241,ACC-6800,42980.09,2026-11-01 05:09:00,0
TX-0242,ACC-2290,39611.23,2026-10-05 00:11:00,0
TX-0243,ACC-2316,19968.88,2026-11-12 02:08:00,0
TX-0244,ACC-7979,17186.1,2026-04-11 01:12:00,0
TX-0245,ACC-4109,33593.04,2026-10-11 08:38:00,0
TX-0246,ACC-1206,35757.03,2026-08-05 21:09:00,0
TX-0247,ACC-4444,5457.52,2026-01-25 08:07:00,0
TX-0248,ACC-8223,27980.0,2026-07-11 08:09:00,0
TX-0249,ACC-5634,38378.22,2026-10-01 14:29:00,0
TX-0250,ACC-5322,43408.91,2026-10-31 04:22:00,0
TX-0251,ACC-8525,20071.71,2026-02-19 04:55:00,0
TX-0252,ACC-1984,14212.63,2026-11-01 02:19:00,0
TX-0253,ACC-6216,23944.42,2026-07-17 04:24:00,0
TX-0254,ACC-3834,25266.19,2026-03-22 11:29:00,0
TX-0255,ACC-3938,41672.44,2026-02-25 03:07:00,0
TX-0256,ACC-4586,32954.66,2026-08-26 16:39:00,0
TX-0257,ACC-2166,34191.4,2026-03-05 23:02:00,0
TX-0258,ACC-1321,14521.51,2026-05-26 00:44:00,0
TX-0259,ACC-5378,17374.52,2026-08-05 13:59:00,0
TX-0260,ACC-3738,1617.93,2026-11-24 10:08:00,0
TX-0261,ACC-8711,34755.88,2026-10-08 21:47:00,0
TX-0262,ACC-4512,17038.59,2026-05-02 14:09:00,0
TX-0263,ACC-4815,40851.25,2026-03-08 19:25:00,0
TX-0264,ACC-2879,30764.18,2026-02-15 13:37:00,0
TX-0265,ACC-3487,35674.0,2026-07-17 21:34:00,0
TX-0266,ACC-4847,29960.12,2026-04-13 02:00:00,0
TX-0267,ACC-1543,7802.22,2026-04-10 10:38:00,0
TX-0268,ACC-1246,27067.72,2026-09-28 08:10:00,0
TX-0269,ACC-2528,7111.32,2026-06-15 02:02:00,0
TX-0270,ACC-2424,198.31,2026-01-29 03:41:00,1
TX-0271,ACC-8483,34378.17,2026-07-23 22:29:00,0
TX-0272,ACC-1938,15133.58,2026-05-17 04:49:00,0
TX-0273,ACC-1446,31880.51,2026-02-13 01:13:00,0
TX-0274,ACC-5023,4227.37,2026-01-18 06:49:00,0
TX-0275,ACC-8262,15098.52,2026-03-28 14:00:00,0
TX-0276,ACC-9513,6761.84,2026-07-05 11:50:00,0
TX-0277,ACC-6480,31033.04,2026-06-03 12:30:00,0
TX-0278,ACC-9719,23852.53,2026-03-08 20:24:00,0
TX-0279,ACC-1092,11379.52,2026-09-08 12:18:00,0
TX-0280,ACC-6706,23941.71,2026-08-28 19:27:00,0
TX-0281,ACC-9523,546324.8,2026-09-22 11:45:00,1
TX-0282,ACC-1156,15201.35,2026-03-10 13:03:00,0
TX-0283,ACC-6070,9983.63,2026-02-15 12:29:00,0
TX-0284,ACC-4028,463879.13,2026-02-04 15:06:00,1
TX-0285,ACC-6151,41548.85,2026-01-13 08:59:00,0
TX-0286,ACC-6724,44936.11,2026-07-07 22:34:00,0
TX-0287,ACC-2387,647896.83,2026-08-18 12:43:00,1
TX-0288,ACC-8383,9236.53,2026-08-04 08:01:00,0
TX-0289,ACC-3409,27677.37,2026-12-07 10:12:00,0
TX-0290,ACC-7554,442330.64,2026-08-02 12:39:00,1
TX-0291,ACC-3373,232242.38,2026-09-15 03:39:00,1
TX-0292,ACC-3056,24723.79,2026-10-16 18:48:00,0
TX-0293,ACC-1931,422.66,2026-06-21 04:49:00,1
TX-0294,ACC-2184,35514.73,2026-01-01 01:36:00,0
TX-0295,ACC-4330,22147.11,2026-03-24 20:23:00,0
TX-0296,ACC-4980,20319.33,2026-08-04 19:05:00,0
TX-0297,ACC-2658,42004.86,2026-05-13 23:22:00,0
TX-0298,ACC-9898,24870.72,2026-06-27 05:10:00,0
TX-0299,ACC-4341,11987.14,2026-03-15 21:59:00,0
TX-0300,ACC-6256,30612.15,2026-04-12 08:10:00,0
TX-0301,ACC-2211,36212.68,2026-08-08 07:29:00,0
TX-0302,ACC-9147,15724.26,2026-01-28 01:02:00,0
TX-0303,ACC-3401,20967.38,2026-06-27 10:58:00,0
TX-0304,ACC-4593,31475.12,2026-10-29 22:02:00,0
TX-0305,ACC-6666,16363.55,2026-11-05 08:00:00,0
TX-0306,ACC-7719,35997.55,2026-09-09 16:09:00,0
TX-0307,ACC-8620,19623.17,2026-05-18 23:20:00,0
TX-0308,ACC-5687,15466.99,2026-05-06 07:32:00,0
TX-0309,ACC-4196,28639.85,2026-11-14 08:10:00,0
TX-0310,ACC-3981,37289.26,2026-03-01 11:28:00,0
TX-0311,ACC-2634,20913.35,2026-08-14 10:00:00,0
TX-0312,ACC-8294,17466.36,2026-02-16 18:13:00,0
TX-0313,ACC-4215,8975.16,2026-10-11 15:45:00,0
TX-0314,ACC-5303,1245.55,2026-01-23 00:11:00,0
TX-0315,ACC-9894,560524.76,2026-08-13 05:27:00,1
TX-0316,ACC-3042,124205.16,2026-05-17 01:29:00,1
TX-0317,ACC-1508,39798.58,2026-02-25 02:19:00,0
TX-0318,ACC-3611,23600.48,2026-01-04 11:48:00,0
TX-0319,ACC-9514,14742.97,2026-01-25 15:32:00,0
TX-0320,ACC-9414,4845.6,2026-11-04 02:23:00,0
TX-0321,ACC-9664,35147.43,2026-08-03 09:21:00,0
TX-0322,ACC-9211,42992.05,2026-08-13 14:15:00,0
TX-0323,ACC-8572,3673.63,2026-06-20 13:17:00,0
TX-0324,ACC-3834,3871.3,2026-08-28 20:31:00,0
TX-0325,ACC-1223,24672.82,2026-10-01 11:49:00,0
TX-0326,ACC-8401,26651.6,2026-04-26 17:03:00,0
TX-0327,ACC-7973,12252.56,2026-07-21 04:27:00,0
TX-0328,ACC-9147,30747.68,2026-07-04 12:33:00,0
TX-0329,ACC-9285,12160.23,2026-07-22 00:31:00,0
TX-0330,ACC-9205,37699.68,2026-08-07 12:41:00,0
TX-0331,ACC-3116,8482.94,2026-09-23 22:08:00,0
TX-0332,ACC-9855,10440.35,2026-06-10 00:19:00,0
TX-0333,ACC-3085,44548.39,2026-09-30 16:01:00,0
TX-0334,ACC-3024,9303.98,2026-04-24 12:48:00,0
TX-0335,ACC-2415,13120.8,2026-07-07 10:53:00,0
TX-0336,ACC-8589,25027.28,2026-10-09 02:50:00,0
TX-0337,ACC-5229,20103.87,2026-12-09 20:58:00,0
TX-0338,ACC-7396,32469.64,2026-08-28 02:56:00,0
TX-0339,ACC-9924,34586.78,2026-04-04 13:15:00,0
TX-0340,ACC-9720,34378.14,2026-10-05 13:47:00,0
TX-0341,ACC-4651,40226.26,2026-09-05 23:50:00,0
TX-0342,ACC-9346,7411.45,2026-03-15 03:58:00,0
TX-0343,ACC-7271,22983.54,2026-04-19 12:11:00,0
TX-0344,ACC-4174,10297.52,2026-03-21 00:17:00,0
TX-0345,ACC-4802,39732.95,2026-11-07 01:23:00,0
TX-0346,ACC-7051,5017.07,2026-05-04 10:38:00,0
TX-0347,ACC-6899,41314.22,2026-04-27 21:51:00,0
TX-0348,ACC-6093,31807.08,2026-11-09 03:31:00,0
TX-0349,ACC-1961,17926.49,2026-03-20 21:31:00,0
TX-0350,ACC-6973,19047.87,2026-11-15 04:23:00,0
TX-0351,ACC-8060,18876.17,2026-08-25 16:22:00,0
TX-0352,ACC-5808,31009.8,2026-06-13 18:00:00,0
TX-0353,ACC-8592,12514.74,2026-08-14 05:51:00,0
TX-0354,ACC-6327,27831.31,2026-04-19 03:07:00,0
TX-0355,ACC-3238,33837.38,2026-07-31 21:46:00,0
TX-0356,ACC-7083,7991.13,2026-04-29 14:17:00,0
TX-0357,ACC-2635,21210.79,2026-10-11 22:43:00,0
TX-0358,ACC-3247,31012.91,2026-04-12 15:03:00,0
TX-0359,ACC-3531,21187.69,2026-10-12 16:32:00,0
TX-0360,ACC-8983,38208.01,2026-10-21 09:48:00,0
TX-0361,ACC-5062,9244.81,2026-08-07 17:30:00,0
TX-0362,ACC-8470,1415.58,2026-06-21 11:46:00,0
TX-0363,ACC-4209,26723.11,2026-05-12 00:10:00,0
TX-0364,ACC-2396,9008.12,2026-07-31 11:30:00,0
TX-0365,ACC-9511,25288.85,2026-04-02 17:37:00,0
TX-0366,ACC-5727,418631.05,2026-05-14 06:02:00,1
TX-0367,ACC-7891,42731.92,2026-05-09 11:05:00,0
TX-0368,ACC-3960,18153.8,2026-01-09 00:04:00,0
TX-0369,ACC-7624,528474.99,2026-12-03 17:24:00,1
TX-0370,ACC-1536,35781.55,2026-12-09 23:46:00,0
TX-0371,ACC-3120,34666.94,2026-01-05 08:12:00,0
TX-0372,ACC-8533,24678.15,2026-08-12 23:23:00,0
TX-0373,ACC-2192,15117.04,2026-09-08 03:54:00,0
TX-0374,ACC-3902,13591.51,2026-01-01 19:11:00,0
TX-0375,ACC-4623,15224.76,2026-08-16 09:08:00,0
TX-0376,ACC-1012,396.15,2026-05-27 18:31:00,1
TX-0377,ACC-7080,13013.54,2026-10-07 13:16:00,0
TX-0378,ACC-5485,42039.12,2026-03-06 09:51:00,0
TX-0379,ACC-3384,27032.19,2026-07-14 05:04:00,0
TX-0380,ACC-4936,10814.91,2026-08-14 22:31:00,0
TX-0381,ACC-5192,43040.68,2026-08-09 20:36:00,0
TX-0382,ACC-1309,15223.22,2026-07-28 07:39:00,0
TX-0383,ACC-8135,11148.29,2026-08-29 04:08:00,0
TX-0384,ACC-6473,11023.86,2026-11-16 12:18:00,0
TX-0385,ACC-7672,24652.14,2026-09-01 00:55:00,0
TX-0386,ACC-9760,36055.19,2026-08-16 14:14:00,0
TX-0387,ACC-5734,5998.65,2026-08-16 20:13:00,0
TX-0388,ACC-2499,26877.66,2026-11-20 16:43:00,0
TX-0389,ACC-7129,9971.76,2026-06-14 11:20:00,0
TX-0390,ACC-8379,23149.81,2026-05-27 05:52:00,0
TX-0391,ACC-2431,38667.49,2026-03-20 00:28:00,0
TX-0392,ACC-4545,32744.63,2026-03-07 18:29:00,0
TX-0393,ACC-2895,36831.03,2026-09-22 11:33:00,0
TX-0394,ACC-2710,14107.9,2026-12-02 00:32:00,0
TX-0395,ACC-8518,42148.58,2026-04-19 09:22:00,0
TX-0396,ACC-5766,3851.18,2026-02-14 02:42:00,0
TX-0397,ACC-1852,35684.41,2026-06-05 12:27:00,0
TX-0398,ACC-5719,19818.5,2026-02-16 17:54:00,0
TX-0399,ACC-7076,37389.46,2026-09-09 12:14:00,0
TX-0400,ACC-4349,42009.01,2026-04-27 14:06:00,0
TX-0401,ACC-7584,27483.32,2026-04-03 02:49:00,0
TX-0402,ACC-1822,23973.15,2026-05-25 02:05:00,0
TX-0403,ACC-8626,36245.67,2026-08-24 19:21:00,0
TX-0404,ACC-1464,40918.38,2026-08-28 22:28:00,0
TX-0405,ACC-3338,31765.16,2026-03-21 19:24:00,0
TX-0406,ACC-2871,10869.96,2026-12-04 21:32:00,0
TX-0407,ACC-3471,27091.67,2026-11-03 12:16:00,0
TX-0408,ACC-2399,42795.62,2026-06-26 19:06:00,0
TX-0409,ACC-9538,629979.38,2026-10-08 03:58:00,1
TX-0410,ACC-1361,2729.29,2026-08-11 15:40:00,0
TX-0411,ACC-6430,29625.01,2026-01-06 20:05:00,0
TX-0412,ACC-9961,27597.9,2026-09-17 10:18:00,0
TX-0413,ACC-2690,19184.77,2026-01-29 10:05:00,0
TX-0414,ACC-4022,43106.68,2026-10-03 06:49:00,0
TX-0415,ACC-2465,3509.56,2026-02-17 11:04:00,0
TX-0416,ACC-6013,21315.35,2026-03-13 00:41:00,0
TX-0417,ACC-4187,38349.97,2026-10-19 07:00:00,0
TX-0418,ACC-9687,7700.45,2026-09-14 01:01:00,0
TX-0419,ACC-9700,21536.27,2026-03-08 11:45:00,0
TX-0420,ACC-8195,38577.63,2026-03-25 20:16:00,0
TX-0421,ACC-5146,87982.33,2026-05-17 20:26:00,1
TX-0422,ACC-6728,11553.96,2026-08-10 09:46:00,0
TX-0423,ACC-9192,8756.81,2026-11-14 22:25:00,0
TX-0424,ACC-1769,31079.43,2026-10-06 18:15:00,0
TX-0425,ACC-3823,23914.57,2026-03-09 03:50:00,0
TX-0426,ACC-3696,28756.49,2026-05-09 13:06:00,0
TX-0427,ACC-9322,36978.98,2026-04-04 01:35:00,0
TX-0428,ACC-5759,22245.58,2026-01-26 17:36:00,0
TX-0429,ACC-9739,9615.94,2026-08-09 01:23:00,0
TX-0430,ACC-7415,18891.57,2026-02-28 15:36:00,0
TX-0431,ACC-8842,37566.1,2026-06-21 19:57:00,0
TX-0432,ACC-5259,19082.69,2026-04-26 09:17:00,0
TX-0433,ACC-6191,35102.88,2026-02-19 09:08:00,0
TX-0434,ACC-6498,41927.79,2026-07-16 19:30:00,0
TX-0435,ACC-8056,41112.14,2026-06-03 07:14:00,0
TX-0436,ACC-1220,8596.73,2026-03-20 17:47:00,0
TX-0437,ACC-7366,244533.22,2026-01-06 10:56:00,1
TX-0438,ACC-9649,17793.6,2026-07-07 12:17:00,0
TX-0439,ACC-3450,11065.28,2026-01-15 08:10:00,0
TX-0440,ACC-9891,19335.57,2026-08-25 06:02:00,0
TX-0441,ACC-5438,11427.41,2026-01-29 16:13:00,0
TX-0442,ACC-6502,24693.02,2026-05-11 04:50:00,0
TX-0443,ACC-8038,6315.24,2026-01-22 07:00:00,0
TX-0444,ACC-8473,42375.5,2026-05-16 07:12:00,0
TX-0445,ACC-3374,22002.14,2026-09-27 20:59:00,0
TX-0446,ACC-9470,32281.86,2026-01-03 22:34:00,0
TX-0447,ACC-3363,37291.3,2026-07-10 16:10:00,0
TX-0448,ACC-2169,36296.6,2026-06-11 04:22:00,0
TX-0449,ACC-6706,18187.37,2026-04-07 01:49:00,0
TX-0450,ACC-6260,31357.22,2026-05-13 15:51:00,0
TX-0451,ACC-8303,27085.16,2026-11-29 13:28:00,0
TX-0452,ACC-7144,34043.1,2026-05-08 12:29:00,0
TX-0453,ACC-4182,12579.26,2026-09-10 02:51:00,0
TX-0454,ACC-4590,39651.36,2026-08-03 00:03:00,0
TX-0455,ACC-2134,10792.07,2026-01-01 07:02:00,0
TX-0456,ACC-2455,25775.58,2026-10-15 12:08:00,0
TX-0457,ACC-4912,12386.47,2026-04-14 18:58:00,0
TX-0458,ACC-4289,43443.97,2026-09-24 16:36:00,0
TX-0459,ACC-5510,33649.36,2026-06-10 12:34:00,0
TX-0460,ACC-7607,475647.71,2026-12-13 05:04:00,1
TX-0461,ACC-2471,11284.53,2026-08-02 20:31:00,0
TX-0462,ACC-3605,550892.46,2026-01-28 15:27:00,1
TX-0463,ACC-1827,30853.42,2026-05-01 20:07:00,0
TX-0464,ACC-8737,4334.59,2026-05-22 21:28:00,0
TX-0465,ACC-5509,7600.02,2026-01-08 06:02:00,0
TX-0466,ACC-1271,26430.16,2026-06-06 05:33:00,0
TX-0467,ACC-9450,44083.64,2026-03-17 11:24:00,0
TX-0468,ACC-8188,2271.25,2026-03-06 01:52:00,0
TX-0469,ACC-2278,27113.57,2026-02-26 01:35:00,0
TX-0470,ACC-4019,31526.11,2026-05-21 06:23:00,0
TX-0471,ACC-2681,1652.27,2026-11-28 03:37:00,0
TX-0472,ACC-9145,7215.44,2026-08-23 12:13:00,0
TX-0473,ACC-7940,42804.59,2026-05-07 15:45:00,0
TX-0474,ACC-9232,16655.66,2026-10-18 14:05:00,0
TX-0475,ACC-3340,384378.31,2026-07-28 07:32:00,1
TX-0476,ACC-4824,4116.66,2026-06-18 22:35:00,0
TX-0477,ACC-4952,19097.51,2026-04-10 05:09:00,0
TX-0478,ACC-2178,28332.0,2026-07-19 00:27:00,0
TX-0479,ACC-6316,17164.76,2026-05-17 01:52:00,0
TX-0480,ACC-5567,8794.08,2026-04-29 21:16:00,0
TX-0481,ACC-1760,18933.68,2026-02-18 03:48:00,0
TX-0482,ACC-8868,3989.09,2026-09-17 10:42:00,0
TX-0483,ACC-2566,15295.03,2026-06-16 22:07:00,0
TX-0484,ACC-9606,38377.28,2026-12-10 07:34:00,0
TX-0485,ACC-4248,12061.26,2026-10-13 17:53:00,0
TX-0486,ACC-2381,22686.4,2026-06-28 10:03:00,0
TX-0487,ACC-8563,34780.87,2026-04-01 18:05:00,0
TX-0488,ACC-5757,12833.15,2026-11-06 04:41:00,0
TX-0489,ACC-3942,38868.36,2026-07-27 04:41:00,0
TX-0490,ACC-9348,30217.98,2026-08-30 06:30:00,0
TX-0491,ACC-5657,36012.06,2026-07-05 12:49:00,0
TX-0492,ACC-6905,5077.76,2026-04-22 02:48:00,0
TX-0493,ACC-1085,10042.65,2026-02-10 02:52:00,0
TX-0494,ACC-4779,344974.03,2026-05-23 17:37:00,1
TX-0495,ACC-6210,25323.76,2026-03-05 12:03:00,0
TX-0496,ACC-1149,9509.78,2026-02-17 10:25:00,0
TX-0497,ACC-3475,32095.77,2026-06-28 04:47:00,0
TX-0498,ACC-1327,25791.74,2026-10-21 08:31:00,0
TX-0499,ACC-9189,5142.67,2026-12-09 09:49:00,0
TX-0500,ACC-5050,42905.05,2026-08-11 13:22:00,0
TX-0501,ACC-4408,6074.59,2026-08-25 00:26:00,0
TX-0502,ACC-9881,29048.93,2026-06-03 23:42:00,0
TX-0503,ACC-5197,8971.55,2026-07-19 11:05:00,0
TX-0504,ACC-1329,247770.96,2026-03-10 03:34:00,1
TX-0505,ACC-7041,22801.37,2026-02-03 18:29:00,0
TX-0506,ACC-6216,626247.37,2026-01-15 08:05:00,1
TX-0507,ACC-2871,23866.97,2026-04-15 22:53:00,0
TX-0508,ACC-9795,11757.53,2026-07-11 17:00:00,0
TX-0509,ACC-1252,32999.84,2026-06-10 08:29:00,0
TX-0510,ACC-3607,37405.25,2026-07-13 01:56:00,0
TX-0511,ACC-5343,8288.06,2026-09-06 10:13:00,0
TX-0512,ACC-7469,33560.8,2026-01-13 12:33:00,0
TX-0513,ACC-5396,21729.73,2026-07-02 10:47:00,0
TX-0514,ACC-7190,14211.31,2026-05-15 02:22:00,0
TX-0515,ACC-2747,34929.91,2026-07-23 01:35:00,0
TX-0516,ACC-2110,6283.59,2026-12-06 19:08:00,0
TX-0517,ACC-3524,13571.18,2026-03-17 17:18:00,0
TX-0518,ACC-4061,12891.37,2026-10-08 03:11:00,0
TX-0519,ACC-5697,41425.11,2026-06-21 10:12:00,0
TX-0520,ACC-3726,33811.81,2026-05-08 08:32:00,0
TX-0521,ACC-3710,35545.17,2026-09-02 13:12:00,0
TX-0522,ACC-6533,447792.99,2026-04-15 03:31:00,1
TX-0523,ACC-6042,20802.91,2026-09-07 02:58:00,0
TX-0524,ACC-9674,32458.08,2026-01-01 01:23:00,0
TX-0525,ACC-3757,27278.46,2026-02-12 21:41:00,0
TX-0526,ACC-3959,24489.58,2026-01-19 19:42:00,0
TX-0527,ACC-7736,37928.58,2026-10-03 03:02:00,0
TX-0528,ACC-3527,17718.81,2026-07-18 11:52:00,0
TX-0529,ACC-8731,18578.98,2026-04-27 21:12:00,0
TX-0530,ACC-6441,22622.94,2026-07-27 09:40:00,0
TX-0531,ACC-7878,367.09,2026-04-23 12:39:00,1
TX-0532,ACC-9120,35842.83,2026-06-27 11:06:00,0
TX-0533,ACC-5394,13237.08,2026-03-06 17:29:00,0
TX-0534,ACC-4250,22441.24,2026-12-03 07:31:00,0
TX-0535,ACC-3101,637170.78,2026-02-16 09:32:00,1
TX-0536,ACC-3933,2738.9,2026-05-01 16:37:00,0
TX-0537,ACC-3398,12024.51,2026-10-11 14:51:00,0
TX-0538,ACC-1690,39761.42,2026-04-06 02:03:00,0
TX-0539,ACC-4468,12725.79,2026-07-23 03:45:00,0
TX-0540,ACC-8862,43387.45,2026-02-07 16:24:00,0
TX-0541,ACC-2262,3297.43,2026-01-26 20:42:00,0
TX-0542,ACC-7635,26418.76,2026-03-23 17:21:00,0
TX-0543,ACC-7752,23202.82,2026-12-04 17:11:00,0
TX-0544,ACC-2636,34201.63,2026-04-26 04:04:00,0
TX-0545,ACC-6552,20214.99,2026-08-21 05:15:00,0
TX-0546,ACC-7096,44366.21,2026-02-10 21:05:00,0
TX-0547,ACC-1913,33775.0,2026-01-08 14:52:00,0
TX-0548,ACC-8086,7186.7,2026-05-26 17:53:00,0
TX-0549,ACC-8223,40192.87,2026-09-12 12:45:00,0
TX-0550,ACC-6029,43319.45,2026-08-13 03:41:00,0
TX-0551,ACC-5300,33248.46,2026-05-20 04:09:00,0
TX-0552,ACC-5062,27380.03,2026-10-11 06:35:00,0
TX-0553,ACC-1798,16907.79,2026-05-01 19:26:00,0
TX-0554,ACC-3380,6371.55,2026-03-07 02:27:00,0
TX-0555,ACC-5290,7302.18,2026-08-20 18:29:00,0
TX-0556,ACC-9678,36372.12,2026-09-11 13:40:00,0
TX-0557,ACC-5288,22482.59,2026-06-05 12:20:00,0
TX-0558,ACC-1302,2966.0,2026-05-23 20:26:00,0
TX-0559,ACC-4104,728430.89,2026-08-02 00:24:00,1
TX-0560,ACC-6262,23802.11,2026-08-07 17:02:00,0
TX-0561,ACC-1666,21125.03,2026-05-10 07:08:00,0
TX-0562,ACC-4768,17019.44,2026-06-16 20:53:00,0
TX-0563,ACC-5570,27839.32,2026-11-26 23:07:00,0
TX-0564,ACC-7979,34210.9,2026-01-17 10:10:00,0
TX-0565,ACC-5235,36834.28,2026-03-26 22:07:00,0
TX-0566,ACC-7385,29539.37,2026-10-24 02:18:00,0
TX-0567,ACC-8125,29.5,2026-04-12 11:24:00,1
TX-0568,ACC-1236,5908.69,2026-02-24 03:02:00,0
TX-0569,ACC-2415,8689.27,2026-04-24 08:00:00,0
TX-0570,ACC-3433,28519.61,2026-02-27 19:57:00,0
TX-0571,ACC-8615,20074.72,2026-02-26 13:49:00,0
TX-0572,ACC-4654,34416.35,2026-12-14 04:46:00,0
TX-0573,ACC-5889,16085.94,2026-05-15 03:10:00,0
TX-0574,ACC-4243,4330.24,2026-09-01 01:15:00,0
TX-0575,ACC-1119,29006.8,2026-08-24 06:47:00,0
TX-0576,ACC-2645,9020.51,2026-10-01 01:23:00,0
TX-0577,ACC-2987,43969.92,2026-08-05 09:47:00,0
TX-0578,ACC-3109,27228.6,2026-10-03 00:35:00,0
TX-0579,ACC-5215,37245.7,2026-05-30 20:06:00,0
TX-0580,ACC-4378,20590.36,2026-01-24 15:57:00,0
TX-0581,ACC-3624,2715.69,2026-07-24 00:01:00,0
TX-0582,ACC-1503,27449.25,2026-10-21 11:25:00,0
TX-0583,ACC-6325,26751.69,2026-01-03 13:39:00,0
TX-0584,ACC-1724,5581.23,2026-04-15 07:29:00,0
TX-0585,ACC-6325,42472.6,2026-10-16 19:58:00,0
TX-0586,ACC-2021,39176.98,2026-11-19 16:40:00,0
TX-0587,ACC-4394,25223.87,2026-12-09 04:15:00,0
TX-0588,ACC-9162,21976.01,2026-08-31 10:56:00,0
TX-0589,ACC-9119,19380.58,2026-11-06 15:43:00,0
TX-0590,ACC-3853,38307.39,2026-08-17 06:18:00,0
TX-0591,ACC-9007,37395.9,2026-03-28 22:10:00,0
TX-0592,ACC-9695,12319.97,2026-03-13 23:15:00,0
TX-0593,ACC-1452,32669.82,2026-07-01 20:35:00,0
TX-0594,ACC-2797,23440.02,2026-08-05 17:46:00,0
TX-0595,ACC-5256,35167.23,2026-03-20 17:16:00,0
TX-0596,ACC-9391,24881.74,2026-03-15 19:34:00,0
TX-0597,ACC-2028,35633.89,2026-06-21 10:38:00,0
TX-0598,ACC-1495,17737.58,2026-09-13 18:34:00,0
TX-0599,ACC-9611,16512.57,2026-08-01 01:50:00,0
TX-0600,ACC-6534,16110.32,2026-02-10 00:17:00,0
TX-0601,ACC-5239,39534.0,2026-12-03 02:51:00,0
TX-0602,ACC-7765,16632.06,2026-04-03 07:50:00,0
TX-0603,ACC-7960,31822.83,2026-01-01 04:08:00,0
TX-0604,ACC-9582,19413.59,2026-11-18 14:28:00,0
TX-0605,ACC-4302,14737.27,2026-12-03 23:38:00,0
TX-0606,ACC-6531,23124.03,2026-12-08 03:12:00,0
TX-0607,ACC-9707,3901.66,2026-02-22 11:12:00,0
TX-0608,ACC-2505,210396.88,2026-08-10 02:24:00,1
TX-0609,ACC-9889,19730.0,2026-05-20 01:04:00,0
TX-0610,ACC-6380,18545.31,2026-02-02 07:45:00,0
TX-0611,ACC-9366,11097.64,2026-04-18 18:59:00,0
TX-0612,ACC-5235,21160.94,2026-06-09 01:17:00,0
TX-0613,ACC-9409,6356.53,2026-09-08 07:35:00,0
TX-0614,ACC-8891,29603.1,2026-11-08 18:07:00,0
TX-0615,ACC-4333,21848.79,2026-03-05 11:27:00,0
TX-0616,ACC-7890,32887.54,2026-11-24 18:07:00,0
TX-0617,ACC-9488,13019.04,2026-10-11 18:21:00,0
TX-0618,ACC-3134,4035.37,2026-05-24 00:13:00,0
TX-0619,ACC-9323,16054.99,2026-06-30 00:54:00,0
TX-0620,ACC-5475,28092.08,2026-12-12 19:25:00,0
TX-0621,ACC-6413,36260.37,2026-01-01 11:10:00,0
TX-0622,ACC-3386,23215.89,2026-04-25 21:42:00,0
TX-0623,ACC-1470,21285.8,2026-07-07 22:09:00,0
TX-0624,ACC-9024,43089.06,2026-07-31 11:29:00,0
TX-0625,ACC-6993,9641.55,2026-02-16 04:59:00,0
TX-0626,ACC-7951,26460.55,2026-04-26 02:48:00,0
TX-0627,ACC-7421,40355.63,2026-06-20 07:58:00,0
TX-0628,ACC-3893,14703.77,2026-03-11 14:32:00,0
TX-0629,ACC-5948,11925.65,2026-01-11 20:27:00,0
TX-0630,ACC-9248,187.35,2026-02-11 00:21:00,1
TX-0631,ACC-6833,25639.64,2026-12-09 19:11:00,0
TX-0632,ACC-1986,11262.39,2026-03-17 00:24:00,0
TX-0633,ACC-3269,17502.59,2026-05-27 00:29:00,0
TX-0634,ACC-3618,40739.37,2026-02-28 06:44:00,0
TX-0635,ACC-6221,36222.49,2026-06-02 00:12:00,0
TX-0636,ACC-7790,5780.58,2026-01-15 14:15:00,0
TX-0637,ACC-3206,26700.19,2026-10-19 07:14:00,0
TX-0638,ACC-2755,34811.87,2026-05-10 09:40:00,0
TX-0639,ACC-9425,542093.4,2026-12-11 22:58:00,1
TX-0640,ACC-7804,43554.67,2026-07-14 18:43:00,0
TX-0641,ACC-7101,22742.73,2026-10-28 06:16:00,0
TX-0642,ACC-3264,29680.74,2026-06-10 13:53:00,0
TX-0643,ACC-5925,27677.7,2026-06-23 01:58:00,0
TX-0644,ACC-2615,3803.24,2026-03-04 19:59:00,0
TX-0645,ACC-1266,44874.24,2026-09-24 15:11:00,0
TX-0646,ACC-4583,16464.47,2026-08-04 11:36:00,0
TX-0647,ACC-5638,38813.01,2026-12-01 03:13:00,0
TX-0648,ACC-9615,131593.95,2026-10-20 08:47:00,1
TX-0649,ACC-5856,6103.14,2026-09-14 22:57:00,0
TX-0650,ACC-6014,37970.78,2026-09-30 13:15:00,0
TX-0651,ACC-1574,11953.6,2026-07-21 11:18:00,0
TX-0652,ACC-2845,16200.28,2026-05-13 23:24:00,0
TX-0653,ACC-5890,3747.3,2026-04-21 10:23:00,0
TX-0654,ACC-1659,14965.25,2026-04-10 09:06:00,0
TX-0655,ACC-2821,10076.4,2026-02-05 07:43:00,0
TX-0656,ACC-8102,559077.86,2026-04-23 22:15:00,1
TX-0657,ACC-2492,6627.2,2026-09-26 17:22:00,0
TX-0658,ACC-4030,36714.63,2026-07-04 04:04:00,0
TX-0659,ACC-6573,5819.82,2026-05-22 21:50:00,0
TX-0660,ACC-3310,27068.15,2026-06-16 06:44:00,0
TX-0661,ACC-3421,22595.98,2026-02-26 18:22:00,0
TX-0662,ACC-3973,36468.19,2026-11-05 21:36:00,0
TX-0663,ACC-3832,27289.93,2026-08-06 05:20:00,0
TX-0664,ACC-9811,12050.02,2026-08-06 06:39:00,0
TX-0665,ACC-7133,2586.51,2026-03-13 17:00:00,0
TX-0666,ACC-4758,38235.57,2026-11-19 18:20:00,0
TX-0667,ACC-4887,37471.75,2026-04-13 23:50:00,0
TX-0668,ACC-8424,40799.95,2026-10-31 03:33:00,0
TX-0669,ACC-8535,494242.41,2026-05-29 08:41:00,1
TX-0670,ACC-8126,23696.67,2026-10-17 22:58:00,0
TX-0671,ACC-6726,6561.36,2026-07-15 20:33:00,0
TX-0672,ACC-2467,39708.67,2026-09-07 01:45:00,0
TX-0673,ACC-2769,14179.56,2026-11-13 19:58:00,0
TX-0674,ACC-1734,38487.54,2026-02-02 04:26:00,0
TX-0675,ACC-7451,42940.33,2026-10-22 22:31:00,0
TX-0676,ACC-6320,10070.54,2026-04-13 22:52:00,0
TX-0677,ACC-3992,32250.13,2026-11-29 03:04:00,0
TX-0678,ACC-4349,24834.49,2026-10-14 09:53:00,0
TX-0679,ACC-4189,32384.67,2026-09-13 16:51:00,0
TX-0680,ACC-1927,21713.5,2026-01-07 14:00:00,0
TX-0681,ACC-9866,35196.35,2026-10-17 23:06:00,0
TX-0682,ACC-3986,38567.68,2026-05-08 00:03:00,0
TX-0683,ACC-1589,15211.18,2026-10-26 06:39:00,0
TX-0684,ACC-8711,383724.88,2026-09-20 15:21:00,1
TX-0685,ACC-4523,24652.56,2026-03-17 17:36:00,0
TX-0686,ACC-6647,22966.98,2026-07-12 02:44:00,0
TX-0687,ACC-6534,30023.93,2026-07-31 14:35:00,0
TX-0688,ACC-8952,4355.73,2026-04-30 15:49:00,0
TX-0689,ACC-3094,283449.99,2026-11-26 05:48:00,1
TX-0690,ACC-6839,41868.13,2026-03-09 06:31:00,0
TX-0691,ACC-7656,237668.78,2026-05-13 05:40:00,1
TX-0692,ACC-9790,36527.88,2026-03-20 18:57:00,0
TX-0693,ACC-1936,44934.22,2026-04-12 08:19:00,0
TX-0694,ACC-5708,21000.8,2026-10-31 05:09:00,0
TX-0695,ACC-1861,28530.09,2026-09-21 12:45:00,0
TX-0696,ACC-9312,27487.98,2026-01-02 03:08:00,0
TX-0697,ACC-2696,22288.9,2026-11-17 12:30:00,0
TX-0698,ACC-4039,29611.7,2026-04-18 21:08:00,0
TX-0699,ACC-6753,37985.16,2026-09-04 09:52:00,0
TX-0700,ACC-5516,38278.44,2026-10-04 05:11:00,0
TX-0701,ACC-5656,22176.32,2026-11-15 20:10:00,0
TX-0702,ACC-6981,3489.07,2026-02-17 13:17:00,0
TX-0703,ACC-7503,19563.72,2026-09-23 15:03:00,0
TX-0704,ACC-6975,20159.49,2026-01-26 20:31:00,0
TX-0705,ACC-7490,20694.14,2026-10-25 13:24:00,0
TX-0706,ACC-8719,29022.32,2026-01-21 15:51:00,0
TX-0707,ACC-1887,10433.12,2026-11-26 01:32:00,0
TX-0708,ACC-6425,27139.39,2026-07-28 20:15:00,0
TX-0709,ACC-4524,42647.59,2026-05-11 21:04:00,0
TX-0710,ACC-6477,10082.19,2026-05-28 07:52:00,0
TX-0711,ACC-7373,10431.99,2026-05-13 03:52:00,0
TX-0712,ACC-1733,20337.59,2026-07-13 04:44:00,0
TX-0713,ACC-4873,28663.49,2026-11-16 18:52:00,0
TX-0714,ACC-7411,1157.5,2026-03-16 01:58:00,0
TX-0715,ACC-7910,18557.7,2026-05-07 18:20:00,0
TX-0716,ACC-8720,2852.2,2026-07-27 13:34:00,0
TX-0717,ACC-1653,28934.98,2026-05-22 10:29:00,0
TX-0718,ACC-6539,13949.09,2026-10-02 16:32:00,0
TX-0719,ACC-3902,6215.01,2026-08-29 15:35:00,0
TX-0720,ACC-3748,30000.31,2026-10-31 23:42:00,0
TX-0721,ACC-7327,27959.51,2026-10-20 16:42:00,0
TX-0722,ACC-6065,19634.73,2026-07-31 22:38:00,0
TX-0723,ACC-7729,2768.93,2026-09-30 02:07:00,0
TX-0724,ACC-3511,21013.53,2026-03-23 02:47:00,0
TX-0725,ACC-5418,40582.55,2026-12-09 22:41:00,0
TX-0726,ACC-9448,12020.09,2026-07-02 06:08:00,0
TX-0727,ACC-6835,62.71,2026-06-03 08:53:00,1
TX-0728,ACC-6015,32528.53,2026-08-15 20:46:00,0
TX-0729,ACC-4249,20806.9,2026-04-20 15:48:00,0
TX-0730,ACC-4117,15316.22,2026-11-22 16:04:00,0
TX-0731,ACC-6357,38145.46,2026-09-25 20:25:00,0
TX-0732,ACC-2405,20334.67,2026-10-05 14:22:00,0
TX-0733,ACC-7759,25568.93,2026-07-03 16:17:00,0
TX-0734,ACC-1488,17908.22,2026-04-05 15:16:00,0
TX-0735,ACC-8113,35372.04,2026-02-15 04:10:00,0
TX-0736,ACC-8191,36141.34,2026-04-09 20:38:00,0
TX-0737,ACC-4543,20564.8,2026-07-16 00:56:00,0
TX-0738,ACC-6931,16908.35,2026-10-28 14:47:00,0
TX-0739,ACC-1579,44455.16,2026-10-17 11:29:00,0
TX-0740,ACC-9746,36108.42,2026-11-09 14:46:00,0
TX-0741,ACC-4273,3624.28,2026-07-01 04:52:00,0
TX-0742,ACC-2043,4451.55,2026-08-06 23:55:00,0
TX-0743,ACC-5002,30539.28,2026-07-16 10:00:00,0
TX-0744,ACC-3554,16241.41,2026-02-27 20:26:00,0
TX-0745,ACC-7795,34770.64,2026-03-31 03:05:00,0
TX-0746,ACC-8349,28506.11,2026-04-09 21:24:00,0
TX-0747,ACC-7708,11489.67,2026-05-07 16:49:00,0
TX-0748,ACC-2137,7224.5,2026-03-04 05:06:00,0
TX-0749,ACC-2206,22378.4,2026-11-05 16:37:00,0
TX-0750,ACC-3116,472415.43,2026-02-22 05:14:00,1
TX-0751,ACC-5631,28122.08,2026-11-22 04:36:00,0
TX-0752,ACC-7143,3302.79,2026-03-13 09:51:00,0
TX-0753,ACC-8159,30342.66,2026-09-12 22:00:00,0
TX-0754,ACC-3608,42812.3,2026-05-08 12:29:00,0
TX-0755,ACC-4162,40230.48,2026-01-16 16:08:00,0
TX-0756,ACC-2158,34634.63,2026-04-11 04:12:00,0
TX-0757,ACC-1788,15586.39,2026-12-10 03:54:00,0
TX-0758,ACC-9292,43031.64,2026-09-22 09:56:00,0
TX-0759,ACC-6786,18625.37,2026-07-23 14:30:00,0
TX-0760,ACC-1515,551129.16,2026-05-30 16:04:00,1
TX-0761,ACC-9916,10295.92,2026-11-17 12:01:00,0
TX-0762,ACC-7347,34972.85,2026-07-31 05:11:00,0
TX-0763,ACC-4173,7196.88,2026-02-27 01:59:00,0
TX-0764,ACC-9048,23223.25,2026-07-10 17:35:00,0
TX-0765,ACC-4382,33136.47,2026-03-15 01:23:00,0
TX-0766,ACC-9258,28170.58,2026-07-27 23:16:00,0
TX-0767,ACC-3192,11906.38,2026-02-26 06:35:00,0
TX-0768,ACC-9667,15808.56,2026-08-06 12:04:00,0
TX-0769,ACC-9755,27554.98,2026-03-26 17:13:00,0
TX-0770,ACC-4317,25067.42,2026-08-24 10:27:00,0
TX-0771,ACC-1149,20450.66,2026-08-12 13:18:00,0
TX-0772,ACC-8675,1733.15,2026-07-27 08:00:00,0
TX-0773,ACC-1376,26322.9,2026-07-20 06:00:00,0
TX-0774,ACC-1670,2540.52,2026-10-10 16:02:00,0
TX-0775,ACC-5227,34121.4,2026-05-13 23:57:00,0
TX-0776,ACC-1915,19404.61,2026-03-18 03:37:00,0
TX-0777,ACC-9595,9550.15,2026-10-10 13:34:00,0
TX-0778,ACC-9531,28760.5,2026-02-16 17:09:00,0
TX-0779,ACC-3726,2491.21,2026-10-22 18:01:00,0
TX-0780,ACC-6545,37120.83,2026-02-07 08:47:00,0
TX-0781,ACC-9824,6815.13,2026-02-22 17:25:00,0
TX-0782,ACC-9902,12452.61,2026-06-05 12:32:00,0
TX-0783,ACC-2457,35119.38,2026-09-25 15:55:00,0
TX-0784,ACC-1411,25170.54,2026-03-01 16:52:00,0
TX-0785,ACC-3007,24714.31,2026-02-25 20:09:00,0
TX-0786,ACC-7269,370.74,2026-08-16 11:55:00,1
TX-0787,ACC-3217,8524.11,2026-10-01 08:02:00,0
TX-0788,ACC-1680,44633.89,2026-03-22 11:49:00,0
TX-0789,ACC-8961,661642.91,2026-02-23 15:43:00,1
TX-0790,ACC-6537,25882.07,2026-03-14 02:50:00,0
TX-0791,ACC-6809,4936.45,2026-09-02 10:29:00,0
TX-0792,ACC-6276,14484.19,2026-01-07 16:13:00,0
TX-0793,ACC-8769,42334.31,2026-11-26 17:36:00,0
TX-0794,ACC-3999,2466.25,2026-09-30 01:14:00,0
TX-0795,ACC-5014,22426.14,2026-08-05 17:02:00,0
TX-0796,ACC-1649,7180.03,2026-11-09 19:01:00,0
TX-0797,ACC-4754,18840.85,2026-09-19 17:35:00,0
TX-0798,ACC-3875,7290.5,2026-04-20 18:52:00,0
TX-0799,ACC-4022,29123.74,2026-07-08 22:23:00,0
TX-0800,ACC-8145,25457.54,2026-01-26 04:51:00,0
TX-0801,ACC-7566,22101.31,2026-11-03 19:04:00,0
TX-0802,ACC-4762,12838.92,2026-05-30 04:26:00,0
TX-0803,ACC-9124,41968.67,2026-08-11 22:39:00,0
TX-0804,ACC-6718,1430.03,2026-08-11 03:34:00,0
TX-0805,ACC-8701,41292.1,2026-12-01 19:14:00,0
TX-0806,ACC-5232,494180.31,2026-03-11 06:13:00,1
TX-0807,ACC-7852,11442.95,2026-07-13 15:41:00,0
TX-0808,ACC-2444,38004.36,2026-07-27 00:20:00,0
TX-0809,ACC-4764,13557.73,2026-10-30 11:11:00,0
TX-0810,ACC-5719,36750.55,2026-06-24 07:35:00,0
TX-0811,ACC-2819,2887.82,2026-07-14 04:19:00,0
TX-0812,ACC-9326,44012.71,2026-01-19 14:58:00,0
TX-0813,ACC-2731,606260.79,2026-04-17 07:50:00,1
TX-0814,ACC-9828,37706.83,2026-01-17 10:24:00,0
TX-0815,ACC-2032,35293.89,2026-09-10 20:58:00,0
TX-0816,ACC-7778,20526.9,2026-07-21 01:15:00,0
TX-0817,ACC-8253,7150.91,2026-05-10 02:08:00,0
TX-0818,ACC-9200,41912.0,2026-07-03 01:46:00,0
TX-0819,ACC-4751,4900.48,2026-06-10 07:04:00,0
TX-0820,ACC-6847,9520.27,2026-03-14 11:03:00,0
TX-0821,ACC-5119,44111.42,2026-03-17 07:54:00,0
TX-0822,ACC-5754,31252.68,2026-06-19 01:47:00,0
TX-0823,ACC-6925,27955.06,2026-08-18 22:57:00,0
TX-0824,ACC-1219,22698.65,2026-07-20 17:49:00,0
TX-0825,ACC-4456,33486.26,2026-04-21 00:19:00,0
TX-0826,ACC-9891,42248.36,2026-06-28 05:47:00,0
TX-0827,ACC-1885,13958.9,2026-07-05 06:32:00,0
TX-0828,ACC-9661,35113.24,2026-02-02 09:50:00,0
TX-0829,ACC-5935,37223.82,2026-03-07 09:45:00,0
TX-0830,ACC-1576,12001.91,2026-03-26 03:12:00,0
TX-0831,ACC-7209,28639.68,2026-10-01 20:21:00,0
TX-0832,ACC-8209,5639.28,2026-07-24 12:56:00,0
TX-0833,ACC-3531,21928.32,2026-02-27 00:28:00,0
TX-0834,ACC-8711,31328.43,2026-04-12 12:50:00,0
TX-0835,ACC-7336,21494.24,2026-07-27 15:36:00,0
TX-0836,ACC-6272,1061.62,2026-05-28 00:19:00,0
TX-0837,ACC-6771,204.78,2026-09-29 23:55:00,1
TX-0838,ACC-3060,24929.82,2026-01-01 04:19:00,0
TX-0839,ACC-3635,20078.87,2026-09-20 02:32:00,0
TX-0840,ACC-6491,31553.53,2026-05-30 18:38:00,0
TX-0841,ACC-9988,35418.92,2026-10-03 15:12:00,0
TX-0842,ACC-5535,15570.19,2026-05-11 01:44:00,0
TX-0843,ACC-5818,18606.48,2026-03-28 12:43:00,0
TX-0844,ACC-1401,4732.88,2026-04-04 03:50:00,0
TX-0845,ACC-6734,275811.23,2026-08-14 02:11:00,1
TX-0846,ACC-7317,20542.09,2026-06-16 10:03:00,0
TX-0847,ACC-5979,11541.43,2026-10-09 12:05:00,0
TX-0848,ACC-3777,3736.3,2026-12-06 18:59:00,0
TX-0849,ACC-4984,35947.91,2026-11-23 02:36:00,0
TX-0850,ACC-1261,29544.82,2026-01-16 23:27:00,0
TX-0851,ACC-3172,37039.18,2026-01-29 13:38:00,0
TX-0852,ACC-1024,29836.06,2026-03-02 12:39:00,0
TX-0853,ACC-9841,22871.76,2026-08-25 19:22:00,0
TX-0854,ACC-3331,25858.62,2026-02-24 15:20:00,0
TX-0855,ACC-4959,33831.38,2026-05-02 07:31:00,0
TX-0856,ACC-6561,17986.34,2026-01-13 14:05:00,0
TX-0857,ACC-4453,44371.92,2026-06-24 17:22:00,0
TX-0858,ACC-3227,278.82,2026-06-18 09:52:00,1
TX-0859,ACC-5414,12723.68,2026-05-11 19:25:00,0
TX-0860,ACC-1278,35881.9,2026-04-18 19:46:00,0
TX-0861,ACC-2605,696478.32,2026-11-01 19:24:00,1
TX-0862,ACC-9070,44040.92,2026-02-20 08:31:00,0
TX-0863,ACC-4795,41909.35,2026-02-14 03:12:00,0
TX-0864,ACC-9391,16784.01,2026-08-12 21:29:00,0
TX-0865,ACC-3480,29590.71,2026-06-03 07:17:00,0
TX-0866,ACC-3206,7863.42,2026-08-24 15:32:00,0
TX-0867,ACC-1700,27221.44,2026-02-06 21:38:00,0
TX-0868,ACC-6824,31082.01,2026-02-09 14:47:00,0
TX-0869,ACC-2705,37711.54,2026-02-05 19:09:00,0
TX-0870,ACC-2100,26700.77,2026-10-29 18:30:00,0
TX-0871,ACC-4299,33733.71,2026-06-28 18:57:00,0
TX-0872,ACC-9069,28826.66,2026-08-28 18:43:00,0
TX-0873,ACC-3935,16121.03,2026-12-04 14:33:00,0
TX-0874,ACC-1239,39110.56,2026-03-01 12:55:00,0
TX-0875,ACC-4137,33368.89,2026-05-05 19:22:00,0
TX-0876,ACC-7948,28754.53,2026-10-08 21:33:00,0
TX-0877,ACC-3282,12205.92,2026-09-07 09:35:00,0
TX-0878,ACC-6629,38700.48,2026-07-14 01:58:00,0
TX-0879,ACC-2880,31200.49,2026-07-23 12:57:00,0
TX-0880,ACC-3628,27207.52,2026-02-07 18:32:00,0
TX-0881,ACC-1405,9307.71,2026-10-29 07:18:00,0
TX-0882,ACC-6914,1353.63,2026-05-30 22:03:00,0
TX-0883,ACC-6989,24733.69,2026-11-30 09:47:00,0
TX-0884,ACC-7642,24333.19,2026-04-08 13:56:00,0
TX-0885,ACC-7352,21341.47,2026-05-07 15:01:00,0
TX-0886,ACC-6950,40913.31,2026-07-03 19:36:00,0
TX-0887,ACC-3951,31880.88,2026-08-31 16:45:00,0
TX-0888,ACC-8315,10460.19,2026-03-27 19:31:00,0
TX-0889,ACC-7755,12461.34,2026-11-12 17:01:00,0
TX-0890,ACC-4278,31742.75,2026-02-07 10:34:00,0
TX-0891,ACC-6920,11229.51,2026-08-02 15:22:00,0
TX-0892,ACC-4246,40593.1,2026-06-09 23:21:00,0
TX-0893,ACC-3718,34368.18,2026-09-07 01:44:00,0
TX-0894,ACC-2085,4855.63,2026-09-07 02:34:00,0
TX-0895,ACC-1492,23652.38,2026-10-04 04:43:00,0
TX-0896,ACC-8946,11808.59,2026-05-14 13:15:00,0
TX-0897,ACC-7896,3592.78,2026-08-21 22:55:00,0
TX-0898,ACC-7390,37994.45,2026-01-28 00:31:00,0
TX-0899,ACC-4572,38271.73,2026-10-12 11:11:00,0
TX-0900,ACC-8493,27324.51,2026-01-04 16:27:00,0
TX-0901,ACC-8035,14373.14,2026-11-01 08:51:00,0
TX-0902,ACC-2348,5047.07,2026-03-24 05:37:00,0
TX-0903,ACC-1314,192401.46,2026-08-10 03:59:00,1
TX-0904,ACC-5887,8529.02,2026-04-27 10:17:00,0
TX-0905,ACC-3619,7921.92,2026-06-09 06:00:00,0
TX-0906,ACC-8458,15671.92,2026-02-22 23:32:00,0
TX-0907,ACC-8196,7597.86,2026-07-27 01:21:00,0
TX-0908,ACC-5050,6521.04,2026-12-04 19:07:00,0
TX-0909,ACC-8734,8065.76,2026-09-18 01:49:00,0
TX-0910,ACC-2739,42154.07,2026-07-16 05:52:00,0
TX-0911,ACC-7524,27984.88,2026-10-12 12:05:00,0
TX-0912,ACC-8105,41257.45,2026-09-20 02:52:00,0
TX-0913,ACC-8250,41994.45,2026-01-12 11:04:00,0
TX-0914,ACC-4853,26444.8,2026-04-21 08:15:00,0
TX-0915,ACC-5936,9866.48,2026-09-12 05:31:00,0
TX-0916,ACC-8584,9991.76,2026-05-01 18:01:00,0
TX-0917,ACC-3589,44942.05,2026-03-04 11:10:00,0
TX-0918,ACC-6595,1296.51,2026-02-18 19:36:00,0
TX-0919,ACC-3354,14818.9,2026-11-18 19:27:00,0
TX-0920,ACC-2727,5617.67,2026-10-26 11:05:00,0
TX-0921,ACC-2440,13619.78,2026-05-11 10:23:00,0
TX-0922,ACC-4251,20994.95,2026-02-05 13:28:00,0
TX-0923,ACC-9020,20162.14,2026-08-22 05:14:00,0
TX-0924,ACC-5734,39969.2,2026-07-06 19:04:00,0
TX-0925,ACC-5901,44194.99,2026-10-25 07:10:00,0
TX-0926,ACC-8314,40184.45,2026-02-16 17:31:00,0
TX-0927,ACC-6836,729634.02,2026-10-11 22:48:00,1
TX-0928,ACC-2386,14594.34,2026-09-12 11:34:00,0
TX-0929,ACC-6040,4566.12,2026-06-19 10:36:00,0
TX-0930,ACC-4719,12403.48,2026-03-06 08:07:00,0
TX-0931,ACC-9141,43694.7,2026-01-17 19:07:00,0
TX-0932,ACC-1057,2884.43,2026-11-23 11:38:00,0
TX-0933,ACC-3542,43686.62,2026-02-15 15:56:00,0
TX-0934,ACC-2680,10277.77,2026-09-14 15:17:00,0
TX-0935,ACC-8407,18193.29,2026-02-13 11:50:00,0
TX-0936,ACC-7749,24125.21,2026-08-06 21:46:00,0
TX-0937,ACC-7544,2403.73,2026-01-02 14:21:00,0
TX-0938,ACC-9273,31818.67,2026-07-15 19:45:00,0
TX-0939,ACC-5512,32552.63,2026-02-24 15:06:00,0
TX-0940,ACC-8500,5324.98,2026-01-18 09:31:00,0
TX-0941,ACC-6056,11855.36,2026-08-16 08:00:00,0
TX-0942,ACC-1936,10067.87,2026-01-23 10:07:00,0
TX-0943,ACC-6659,38915.36,2026-10-29 16:34:00,0
TX-0944,ACC-9536,14675.96,2026-01-04 06:20:00,0
TX-0945,ACC-2055,29357.73,2026-05-08 13:22:00,0
TX-0946,ACC-5263,38702.51,2026-05-27 04:44:00,0
TX-0947,ACC-7049,28319.75,2026-05-31 12:51:00,0
TX-0948,ACC-6583,29359.04,2026-07-27 19:48:00,0
TX-0949,ACC-1336,6499.55,2026-04-10 12:26:00,0
TX-0950,ACC-9245,34743.28,2026-08-26 23:44:00,0
TX-0951,ACC-9680,25777.49,2026-08-06 01:33:00,0
TX-0952,ACC-2328,25872.29,2026-10-06 05:57:00,0
TX-0953,ACC-8214,39212.13,2026-05-18 07:40:00,0
TX-0954,ACC-1998,34782.3,2026-09-06 13:41:00,0
TX-0955,ACC-1756,40970.79,2026-03-03 22:49:00,0
TX-0956,ACC-1165,9280.11,2026-09-26 22:30:00,0
TX-0957,ACC-2292,34532.18,2026-05-09 02:42:00,0
TX-0958,ACC-4680,241492.61,2026-05-30 01:50:00,1
TX-0959,ACC-5419,18444.26,2026-05-13 19:38:00,0
TX-0960,ACC-7756,38867.53,2026-05-30 17:02:00,0
TX-0961,ACC-8688,41978.83,2026-03-18 15:49:00,0
TX-0962,ACC-8421,21706.93,2026-12-12 10:54:00,0
TX-0963,ACC-5285,20545.84,2026-07-10 09:30:00,0
TX-0964,ACC-1042,37163.36,2026-01-14 10:36:00,0
TX-0965,ACC-2668,19862.12,2026-02-27 00:53:00,0
TX-0966,ACC-8817,10841.21,2026-01-11 10:29:00,0
TX-0967,ACC-3566,30092.59,2026-03-04 18:41:00,0
TX-0968,ACC-4428,44353.76,2026-12-06 01:15:00,0
TX-0969,ACC-3711,23914.89,2026-01-27 20:10:00,0
TX-0970,ACC-3811,27593.35,2026-08-22 01:59:00,0
TX-0971,ACC-3755,14491.08,2026-04-15 16:44:00,0
TX-0972,ACC-8372,7848.81,2026-02-24 15:55:00,0
TX-0973,ACC-6285,41037.4,2026-02-19 10:56:00,0
TX-0974,ACC-8713,41847.95,2026-11-22 01:37:00,0
TX-0975,ACC-9773,19366.75,2026-10-01 18:56:00,0
TX-0976,ACC-7186,41266.87,2026-02-21 19:28:00,0
TX-0977,ACC-6534,34783.87,2026-09-23 12:12:00,0
TX-0978,ACC-6461,21314.02,2026-04-12 23:50:00,0
TX-0979,ACC-6275,3707.54,2026-09-13 10:19:00,0
TX-0980,ACC-5520,23623.18,2026-02-27 22:41:00,0
TX-0981,ACC-6479,43290.54,2026-06-11 23:53:00,0
TX-0982,ACC-8790,2050.31,2026-08-23 20:24:00,0
TX-0983,ACC-3458,29979.15,2026-04-12 05:59:00,0
TX-0984,ACC-5429,39027.69,2026-05-14 05:18:00,0
TX-0985,ACC-5593,19227.36,2026-04-22 19:23:00,0
TX-0986,ACC-8684,9001.95,2026-08-08 05:52:00,0
TX-0987,ACC-5548,39332.55,2026-01-04 16:12:00,0
TX-0988,ACC-3734,40714.76,2026-09-18 06:15:00,0
TX-0989,ACC-9377,18559.12,2026-05-03 13:01:00,0
TX-0990,ACC-2679,35898.42,2026-10-15 01:02:00,0
TX-0991,ACC-1171,13247.47,2026-03-11 22:54:00,0
TX-0992,ACC-7628,4273.02,2026-08-09 14:15:00,0
TX-0993,ACC-4783,32579.32,2026-05-28 10:57:00,0
TX-0994,ACC-4623,15875.07,2026-02-27 08:30:00,0
TX-0995,ACC-3566,31866.76,2026-02-28 13:55:00,0
TX-0996,ACC-3842,38603.74,2026-06-06 13:22:00,0
TX-0997,ACC-5709,13383.05,2026-04-25 14:20:00,0
TX-0998,ACC-5143,43146.31,2026-06-29 13:58:00,0
TX-0999,ACC-2355,41558.13,2026-03-12 10:45:00,0
TX-1000,ACC-4797,30861.1,2026-09-16 11:16:00,0
